Lz,Self Energy,Reciprocal Energy,Real Energy,J(M S),Total,Error(cpp),Error(lammps)
42.7,-5802.40120,5115.78101,1035.27674,5675.58513,6024.24167,46.06585,45.79243, 
42.8,-5802.40120,5129.74943,1035.34754,5662.32462,6025.02039,45.28713,45.01371, 
42.9,-5802.40120,5143.64709,1035.41550,5649.12542,6025.78682,44.52070,44.24728, 
43.0,-5802.40120,5157.47256,1035.48070,5635.98812,6026.54018,43.76734,43.49392, 
43.1,-5802.40120,5171.22734,1035.54323,5622.91178,6027.28115,43.02636,42.75295, 
43.2,-5802.40120,5184.91296,1035.60318,5609.89549,6028.01042,42.29709,42.02368, 
43.3,-5802.40120,5198.52797,1035.66063,5596.93981,6028.72720,41.58031,41.30690, 
43.4,-5802.40120,5212.07485,1035.71566,5584.04334,6029.43265,40.87486,40.60145, 
43.5,-5802.40120,5225.55217,1035.76837,5571.20665,6030.12599,40.18153,39.90811, 
43.6,-5802.40120,5238.96141,1035.81882,5558.42885,6030.80787,39.49964,39.22623, 
43.7,-5802.40120,5252.30404,1035.86709,5545.70904,6031.47897,38.82855,38.55513, 
43.8,-5802.40120,5265.57864,1035.91325,5533.04780,6032.13848,38.16904,37.89562, 
43.9,-5802.40120,5278.78762,1035.95738,5520.44376,6032.78755,37.51996,37.24655, 
44.0,-5802.40120,5291.92957,1035.99954,5507.89748,6033.42539,36.88212,36.60871, 
44.1,-5802.40120,5305.00592,1036.03982,5495.40811,6034.05265,36.25486,35.98145, 
44.2,-5802.40120,5318.01812,1036.07829,5482.97478,6034.66998,35.63753,35.36412, 
44.3,-5802.40120,5330.96474,1036.11500,5470.59805,6035.27659,35.03093,34.75751, 
44.4,-5802.40120,5343.84816,1036.15003,5458.27660,6035.87359,34.43393,34.16051, 
44.5,-5802.40120,5356.66695,1036.18343,5446.01100,6036.46017,33.84734,33.57393, 
44.6,-5802.40120,5369.42254,1036.21526,5433.80039,6037.03699,33.27052,32.99711, 
44.7,-5802.40120,5382.11632,1036.24559,5421.64396,6037.60467,32.70284,32.42943, 
44.8,-5802.40120,5394.74687,1036.27447,5409.54226,6038.16241,32.14511,31.87169, 
44.9,-5802.40120,5407.31654,1036.30196,5397.49401,6038.71131,31.59621,31.32279, 
45.0,-5802.40120,5419.82388,1036.32812,5385.49976,6039.25056,31.05696,30.78354, 
45.1,-5802.40120,5432.27030,1036.35299,5373.55870,6039.78079,30.52673,30.25331, 
45.2,-5802.40120,5444.65717,1036.37663,5361.67003,6040.30262,30.00490,29.73148, 
45.3,-5802.40120,5456.98306,1036.39909,5349.83429,6040.81523,29.49228,29.21887, 
45.4,-5802.40120,5469.25027,1036.42041,5338.05025,6041.31973,28.98778,28.71437, 
45.5,-5802.40120,5481.45739,1036.44066,5326.31845,6041.81528,28.49223,28.21882, 
45.6,-5802.40120,5493.60576,1036.45986,5314.63810,6042.30251,28.00500,27.73159, 
45.7,-5802.40120,5505.69673,1036.47807,5303.00843,6042.78203,27.52548,27.25207, 
45.8,-5802.40120,5517.72889,1036.49533,5291.42999,6043.25301,27.05451,26.78109, 
45.9,-5802.40120,5529.70450,1036.51168,5279.90155,6043.71653,26.59098,26.31757, 
46.0,-5802.40120,5541.62212,1036.52717,5268.42368,6044.17177,26.13575,25.86233, 
46.1,-5802.40120,5553.48311,1036.54182,5256.99560,6044.61933,25.68819,25.41477, 
46.2,-5802.40120,5565.28876,1036.55568,5245.61657,6045.05981,25.24771,24.97429, 
46.3,-5802.40120,5577.03768,1036.56879,5234.28711,6045.49238,24.81514,24.54172, 
46.4,-5802.40120,5588.73207,1036.58117,5223.00606,6045.91810,24.38941,24.11600, 
46.5,-5802.40120,5600.37053,1036.59287,5211.77396,6046.33616,23.97136,23.69794, 
46.6,-5802.40120,5611.95435,1036.60392,5200.59007,6046.74713,23.56038,23.28697, 
46.7,-5802.40120,5623.48483,1036.61434,5189.45365,6047.15161,23.15590,22.88249, 
46.8,-5802.40120,5634.96056,1036.62417,5178.36524,6047.54876,22.75875,22.48534, 
46.9,-5802.40120,5646.38372,1036.63344,5167.32370,6047.93965,22.36787,22.09445, 
47.0,-5802.40120,5657.75290,1036.64217,5156.32956,6048.32342,21.98409,21.71068, 
47.1,-5802.40120,5669.06937,1036.65039,5145.38211,6048.70067,21.60685,21.33343, 
47.2,-5802.40120,5680.33441,1036.65813,5134.48062,6049.07196,21.23555,20.96214, 
47.3,-5802.40120,5691.54661,1036.66542,5123.62565,6049.43647,20.87104,20.59763, 
47.4,-5802.40120,5702.70811,1036.67227,5112.81607,6049.79524,20.51228,20.23886, 
47.5,-5802.40120,5713.81751,1036.67870,5102.05241,6050.14742,20.16010,19.88668, 
47.6,-5802.40120,5724.87606,1036.68475,5091.33397,6050.49358,19.81393,19.54052, 
47.7,-5802.40120,5735.88500,1036.69043,5080.66007,6050.83430,19.47321,19.19980, 
47.8,-5802.40120,5746.84293,1036.69576,5070.03124,6051.16873,19.13879,18.86537, 
47.9,-5802.40120,5757.75195,1036.70077,5059.44638,6051.49790,18.80962,18.53620, 
48.0,-5802.40120,5768.61068,1036.70545,5048.90603,6051.82096,18.48655,18.21314, 
48.1,-5802.40120,5779.42034,1036.70985,5038.40950,6052.13849,18.16903,17.89561, 
48.2,-5802.40120,5790.18214,1036.71396,5027.95613,6052.45103,17.85648,17.58307, 
48.3,-5802.40120,5800.89469,1036.71782,5017.54644,6052.75774,17.54977,17.27636, 
48.4,-5802.40120,5811.56006,1036.72142,5007.17937,6053.05965,17.24787,16.97445, 
48.5,-5802.40120,5822.17685,1036.72479,4996.85545,6053.35589,16.95162,16.67821, 
48.6,-5802.40120,5832.74628,1036.72795,4986.57401,6053.64704,16.66048,16.38706, 
48.7,-5802.40120,5843.26953,1036.73089,4976.33440,6053.93363,16.37389,16.10047, 
48.8,-5802.40120,5853.74521,1036.73364,4966.13715,6054.21481,16.09271,15.81929, 
48.9,-5802.40120,5864.17537,1036.73621,4955.98122,6054.49160,15.81592,15.54250, 
49.0,-5802.40120,5874.55861,1036.73861,4945.86713,6054.76314,15.54437,15.27096, 
49.1,-5802.40120,5884.89611,1036.74084,4935.79423,6055.02998,15.27753,15.00412, 
49.2,-5802.40120,5895.18905,1036.74292,4925.76190,6055.29267,15.01485,14.74143, 
49.3,-5802.40120,5905.43603,1036.74486,4915.77065,6055.55034,14.75718,14.48376, 
49.4,-5802.40120,5915.63906,1036.74667,4905.81947,6055.80400,14.50352,14.23010, 
49.5,-5802.40120,5925.79677,1036.74835,4895.90887,6056.05279,14.25473,13.98131, 
49.6,-5802.40120,5935.91030,1036.74991,4886.03824,6056.29725,14.01027,13.73685, 
49.7,-5802.40120,5945.98080,1036.75136,4876.20695,6056.53792,13.76960,13.49618, 
49.8,-5802.40120,5956.00689,1036.75271,4866.41552,6056.77393,13.53359,13.26017, 
49.9,-5802.40120,5965.99056,1036.75397,4856.66296,6057.00628,13.30123,13.02782, 
50.0,-5802.40120,5975.93041,1036.75513,4846.94979,6057.23412,13.07339,12.79998, 
50.1,-5802.40120,5985.82758,1036.75621,4837.27538,6057.45797,12.84954,12.57613, 
50.2,-5802.40120,5995.68320,1036.75721,4827.63916,6057.67837,12.62915,12.35573, 
50.3,-5802.40120,6005.49588,1036.75814,4818.04161,6057.89443,12.41308,12.13967, 
50.4,-5802.40120,6015.26759,1036.75900,4808.48179,6058.10717,12.20034,11.92693, 
50.5,-5802.40120,6024.99693,1036.75980,4798.96018,6058.31571,11.99180,11.71839, 
50.6,-5802.40120,6034.68503,1036.76054,4789.47622,6058.52058,11.78693,11.51352, 
50.7,-5802.40120,6044.33299,1036.76122,4780.02930,6058.72230,11.58521,11.31180, 
50.8,-5802.40120,6053.93942,1036.76185,4770.61994,6058.92001,11.38750,11.11409, 
50.9,-5802.40120,6063.50626,1036.76243,4761.24719,6059.11468,11.19283,10.91942, 
51.0,-5802.40120,6073.03213,1036.76297,4751.91156,6059.30545,11.00206,10.72865, 
51.1,-5802.40120,6082.51812,1036.76347,4742.61246,6059.49284,10.81467,10.54126, 
51.2,-5802.40120,6091.96532,1036.76393,4733.34933,6059.67737,10.63014,10.35673, 
51.3,-5802.40120,6101.37235,1036.76435,4724.12267,6059.85816,10.44935,10.17594, 
51.4,-5802.40120,6110.74110,1036.76474,4714.93156,6060.03620,10.27132,9.99790, 
51.5,-5802.40120,6120.07022,1036.76510,4705.77649,6060.21061,10.09691,9.82349, 
51.6,-5802.40120,6129.36077,1036.76543,4696.65691,6060.38190,9.92561,9.65220, 
51.7,-5802.40120,6138.61380,1036.76573,4687.57226,6060.55059,9.75692,9.48351, 
51.8,-5802.40120,6147.82797,1036.76602,4678.52303,6060.71581,9.59170,9.31829, 
51.9,-5802.40120,6157.00513,1036.76627,4669.50833,6060.87852,9.42899,9.15558, 
52.0,-5802.40120,6166.14392,1036.76651,4660.52864,6061.03786,9.26965,8.99624, 
52.1,-5802.40120,6175.24539,1036.76673,4651.58342,6061.19433,9.11318,8.83977, 
52.2,-5802.40120,6184.31058,1036.76693,4642.67214,6061.34844,8.95907,8.68566, 
52.3,-5802.40120,6193.33814,1036.76711,4633.79527,6061.49932,8.80820,8.53478, 
52.4,-5802.40120,6202.32989,1036.76728,4624.95195,6061.64792,8.65959,8.38618, 
52.5,-5802.40120,6211.28450,1036.76743,4616.14265,6061.79338,8.51413,8.24072, 
52.6,-5802.40120,6220.20298,1036.76757,4607.36685,6061.93620,8.37131,8.09790, 
52.7,-5802.40120,6229.08636,1036.76770,4598.62402,6062.07688,8.23064,7.95722, 
52.8,-5802.40120,6237.93329,1036.76782,4589.91464,6062.21454,8.09297,7.81956, 
52.9,-5802.40120,6246.74557,1036.76793,4581.23785,6062.35015,7.95736,7.68395, 
53.0,-5802.40120,6255.52186,1036.76803,4572.59414,6062.48283,7.82469,7.55127, 
53.1,-5802.40120,6264.26317,1036.76812,4563.98298,6062.61307,7.69444,7.42103, 
53.2,-5802.40120,6272.97051,1036.76820,4555.40387,6062.74138,7.56614,7.29272, 
53.3,-5802.40120,6281.64252,1036.76828,4546.85728,6062.86687,7.44064,7.16723, 
53.4,-5802.40120,6290.28100,1036.76835,4538.34237,6062.99051,7.31701,7.04359, 
53.5,-5802.40120,6298.88459,1036.76841,4529.85961,6063.11141,7.19611,6.92269, 
53.6,-5802.40120,6307.45429,1036.76847,4521.40851,6063.23007,7.07745,6.80403, 
53.7,-5802.40120,6315.99109,1036.76852,4512.98856,6063.34697,6.96054,6.68713, 
53.8,-5802.40120,6324.49365,1036.76857,4504.60024,6063.46125,6.84626,6.57285, 
53.9,-5802.40120,6332.96373,1036.76861,4496.24272,6063.57385,6.73366,6.46025, 
54.0,-5802.40120,6341.39998,1036.76865,4487.91647,6063.68390,6.62362,6.35020, 
54.1,-5802.40120,6349.80339,1036.76869,4479.62100,6063.79188,6.51564,6.24222, 
54.2,-5802.40120,6358.17493,1036.76872,4471.35583,6063.89827,6.40924,6.13583, 
54.3,-5802.40120,6366.51325,1036.76875,4463.12141,6064.00221,6.30530,6.03189, 
54.4,-5802.40120,6374.82010,1036.76878,4454.91696,6064.10464,6.20288,5.92946, 
54.5,-5802.40120,6383.09415,1036.76880,4446.74292,6064.20467,6.10284,5.82943, 
54.6,-5802.40120,6391.33635,1036.76882,4438.59883,6064.30280,6.00472,5.73130, 
54.7,-5802.40120,6399.54765,1036.76884,4430.48420,6064.39950,5.90802,5.63460, 
54.8,-5802.40120,6407.72674,1036.76886,4422.39950,6064.49390,5.81362,5.54020, 
54.9,-5802.40120,6415.87531,1036.76888,4414.34394,6064.58693,5.72058,5.44717, 
55.0,-5802.40120,6423.99204,1036.76889,4406.31799,6064.67772,5.62979,5.35638, 
55.1,-5802.40120,6432.07789,1036.76891,4398.32116,6064.76675,5.54076,5.26735, 
55.2,-5802.40120,6440.13377,1036.76892,4390.35301,6064.85450,5.45302,5.17960, 
55.3,-5802.40120,6448.15838,1036.76893,4382.41397,6064.94008,5.36743,5.09402, 
55.4,-5802.40120,6456.15340,1036.76894,4374.50330,6065.02443,5.28308,5.00967, 
55.5,-5802.40120,6464.11751,1036.76895,4366.62143,6065.10668,5.20083,4.92742, 
55.6,-5802.40120,6472.05163,1036.76896,4358.76791,6065.18730,5.12021,4.84680, 
55.7,-5802.40120,6479.95670,1036.76897,4350.94230,6065.26676,5.04075,4.76734, 
55.8,-5802.40120,6487.83139,1036.76897,4343.14503,6065.34419,4.96332,4.68991, 
55.9,-5802.40120,6495.67737,1036.76898,4335.37536,6065.42051,4.88700,4.61359, 
56.0,-5802.40120,6503.49333,1036.76898,4327.63374,6065.49485,4.81267,4.53925, 
56.1,-5802.40120,6511.28018,1036.76899,4319.91971,6065.56768,4.73984,4.46642, 
56.2,-5802.40120,6519.03882,1036.76899,4312.23285,6065.63946,4.66806,4.39464, 
56.3,-5802.40120,6526.76795,1036.76900,4304.57358,6065.70932,4.59819,4.32478, 
56.4,-5802.40120,6534.46921,1036.76900,4296.94118,6065.77819,4.52932,4.25591, 
56.5,-5802.40120,6542.14129,1036.76900,4289.33609,6065.84518,4.46233,4.18892, 
56.6,-5802.40120,6549.78509,1036.76901,4281.75788,6065.91077,4.39674,4.12333, 
56.7,-5802.40120,6557.40151,1036.76901,4274.20610,6065.97542,4.33209,4.05868, 
56.8,-5802.40120,6564.98924,1036.76901,4266.68121,6066.03826,4.26926,3.99584, 
56.9,-5802.40120,6572.54990,1036.76901,4259.18247,6066.10019,4.20733,3.93391, 
57.0,-5802.40120,6580.08220,1036.76902,4251.71034,6066.16035,4.14717,3.87375, 
57.1,-5802.40120,6587.58701,1036.76902,4244.26437,6066.21920,4.08832,3.81490, 
57.2,-5802.40120,6595.06521,1036.76902,4236.84416,6066.27719,4.03032,3.75691, 
57.3,-5802.40120,6602.51552,1036.76902,4229.45013,6066.33347,3.97404,3.70063, 
57.4,-5802.40120,6609.93953,1036.76902,4222.08158,6066.38893,3.91858,3.64517, 
57.5,-5802.40120,6617.33594,1036.76902,4214.73894,6066.44271,3.86481,3.59139, 
57.6,-5802.40120,6624.70563,1036.76902,4207.42180,6066.49525,3.81226,3.53885, 
57.7,-5802.40120,6632.04946,1036.76902,4200.12974,6066.54703,3.76049,3.48707, 
57.8,-5802.40120,6639.36615,1036.76903,4192.86319,6066.59717,3.71035,3.43693, 
57.9,-5802.40120,6646.65727,1036.76903,4185.62147,6066.64656,3.66095,3.38754, 
58.0,-5802.40120,6653.92154,1036.76903,4178.40499,6066.69435,3.61317,3.33975, 
58.1,-5802.40120,6661.15980,1036.76903,4171.21335,6066.74098,3.56654,3.29312, 
58.2,-5802.40120,6668.37293,1036.76903,4164.04615,6066.78691,3.52060,3.24719, 
58.3,-5802.40120,6675.55963,1036.76903,4156.90382,6066.83127,3.47624,3.20283, 
58.4,-5802.40120,6682.72147,1036.76903,4149.78567,6066.87496,3.43255,3.15914, 
58.5,-5802.40120,6689.85716,1036.76903,4142.69212,6066.91711,3.39041,3.11699, 
58.6,-5802.40120,6696.96754,1036.76903,4135.62279,6066.95816,3.34935,3.07594, 
58.7,-5802.40120,6704.05347,1036.76903,4128.57728,6066.99858,3.30894,3.03552, 
58.8,-5802.40120,6711.11367,1036.76903,4121.55599,6067.03749,3.27003,2.99661, 
58.9,-5802.40120,6718.14966,1036.76903,4114.55829,6067.07578,3.23174,2.95832, 
59.0,-5802.40120,6725.16019,1036.76903,4107.58456,6067.11258,3.19493,2.92152, 
59.1,-5802.40120,6732.14609,1036.76903,4100.63444,6067.14836,3.15916,2.88574, 
59.2,-5802.40120,6739.10818,1036.76903,4093.70754,6067.18354,3.12397,2.85056, 
59.3,-5802.40120,6746.04519,1036.76903,4086.80426,6067.21727,3.09024,2.81683, 
59.4,-5802.40120,6752.95865,1036.76903,4079.92396,6067.25043,3.05708,2.78367, 
59.5,-5802.40120,6759.84729,1036.76903,4073.06705,6067.28216,3.02535,2.75194, 
59.6,-5802.40120,6766.71193,1036.76903,4066.23315,6067.31290,2.99461,2.72120, 
59.7,-5802.40120,6773.55339,1036.76903,4059.42188,6067.34310,2.96441,2.69100, 
59.8,-5802.40120,6780.37041,1036.76903,4052.63365,6067.37189,2.93562,2.66221, 
59.9,-5802.40120,6787.16450,1036.76903,4045.86783,6067.40016,2.90736,2.63394, 
60.0,-5802.40120,6793.93438,1036.76903,4039.12482,6067.42703,2.88048,2.60707, 
60.1,-5802.40120,6800.68088,1036.76903,4032.40425,6067.45296,2.85455,2.58114, 
60.2,-5802.40120,6807.40480,1036.76903,4025.70575,6067.47838,2.82913,2.55572, 
60.3,-5802.40120,6814.10489,1036.76903,4019.02972,6067.50244,2.80508,2.53166, 
60.4,-5802.40120,6820.78263,1036.76903,4012.37555,6067.52600,2.78151,2.50810, 
60.5,-5802.40120,6827.43676,1036.76903,4005.74362,6067.54822,2.75930,2.48588, 
60.6,-5802.40120,6834.06810,1036.76903,3999.13359,6067.56952,2.73800,2.46458, 
60.7,-5802.40120,6840.67744,1036.76903,3992.54508,6067.59035,2.71717,2.44375, 
60.8,-5802.40120,6847.26352,1036.76903,3985.97849,6067.60985,2.69767,2.42425, 
60.9,-5802.40120,6853.82783,1036.76903,3979.43322,6067.62888,2.67863,2.40522, 
61.0,-5802.40120,6860.36911,1036.76903,3972.90966,6067.64660,2.66092,2.38750, 
61.1,-5802.40120,6866.88816,1036.76903,3966.40745,6067.66344,2.64408,2.37066, 
61.2,-5802.40120,6873.38575,1036.76903,3959.92625,6067.67983,2.62769,2.35427, 
61.3,-5802.40120,6879.86066,1036.76903,3953.46643,6067.69492,2.61259,2.33918, 
61.4,-5802.40120,6886.31433,1036.76903,3947.02742,6067.70958,2.59794,2.32452, 
61.5,-5802.40120,6892.74553,1036.76903,3940.60958,6067.72294,2.58457,2.31116, 
61.6,-5802.40120,6899.15504,1036.76903,3934.21259,6067.73546,2.57206,2.29864, 
61.7,-5802.40120,6905.54364,1036.76903,3927.83608,6067.74755,2.55997,2.28655, 
61.8,-5802.40120,6911.91008,1036.76903,3921.48046,6067.75837,2.54915,2.27573, 
61.9,-5802.40120,6918.25582,1036.76903,3915.14513,6067.76878,2.53874,2.26532, 
62.0,-5802.40120,6924.57962,1036.76903,3908.83047,6067.77792,2.52959,2.25618, 
62.1,-5802.40120,6930.88225,1036.76903,3902.53616,6067.78624,2.52128,2.24786, 
62.2,-5802.40120,6937.16449,1036.76903,3896.26184,6067.79415,2.51336,2.23995, 
62.3,-5802.40120,6943.42509,1036.76903,3890.00790,6067.80082,2.50669,2.23328, 
62.4,-5802.40120,6949.66550,1036.76903,3883.77377,6067.80710,2.50042,2.22700, 
62.5,-5802.40120,6955.88448,1036.76903,3877.55983,6067.81214,2.49538,2.22196, 
62.6,-5802.40120,6962.08280,1036.76903,3871.36574,6067.81637,2.49115,2.21773, 
62.7,-5802.40120,6968.26122,1036.76903,3865.19117,6067.82022,2.48729,2.21388, 
62.8,-5802.40120,6974.41852,1036.76903,3859.03650,6067.82285,2.48466,2.21125, 
62.9,-5802.40120,6980.55611,1036.76903,3852.90117,6067.82511,2.48241,2.20899, 
63.0,-5802.40120,6986.67278,1036.76903,3846.78554,6067.82615,2.48136,2.20795, 
63.1,-5802.40120,6992.76927,1036.76903,3840.68931,6067.82641,2.48111,2.20769, 
63.2,-5802.40120,6998.84635,1036.76903,3834.61213,6067.82630,2.48121,2.20780, 
63.3,-5802.40120,7004.90279,1036.76903,3828.55438,6067.82500,2.48251,2.20910, 
63.4,-5802.40120,7010.94000,1036.76903,3822.51551,6067.82334,2.48417,2.21076, 
63.5,-5802.40120,7016.95677,1036.76903,3816.49589,6067.82050,2.48702,2.21360, 
63.6,-5802.40120,7022.95385,1036.76903,3810.49521,6067.81689,2.49063,2.21721, 
63.7,-5802.40120,7028.93197,1036.76903,3804.51313,6067.81293,2.49458,2.22117, 
63.8,-5802.40120,7034.88994,1036.76903,3798.55003,6067.80780,2.49971,2.22630, 
63.9,-5802.40120,7040.82914,1036.76903,3792.60538,6067.80234,2.50517,2.23176, 
64.0,-5802.40120,7046.74836,1036.76903,3786.67952,6067.79571,2.51180,2.23839, 
64.1,-5802.40120,7052.64836,1036.76903,3780.77215,6067.78834,2.51917,2.24576, 
64.2,-5802.40120,7058.52921,1036.76903,3774.88319,6067.78023,2.52729,2.25387, 
64.3,-5802.40120,7064.39229,1036.76903,3769.01210,6067.77222,2.53529,2.26188, 
64.4,-5802.40120,7070.23513,1036.76903,3763.15968,6067.76264,2.54487,2.27146, 
64.5,-5802.40120,7076.05910,1036.76903,3757.32542,6067.75234,2.55517,2.28176, 
64.6,-5802.40120,7081.86428,1036.76903,3751.50921,6067.74132,2.56620,2.29278, 
64.7,-5802.40120,7087.65077,1036.76903,3745.71099,6067.72958,2.57793,2.30452, 
64.8,-5802.40120,7093.41992,1036.76903,3739.93021,6067.71797,2.58955,2.31613, 
64.9,-5802.40120,7099.16928,1036.76903,3734.16770,6067.70481,2.60270,2.32929, 
65.0,-5802.40120,7104.90021,1036.76903,3728.42291,6067.69095,2.61656,2.34315, 
65.1,-5802.40120,7110.61280,1036.76903,3722.69578,6067.67640,2.63111,2.35770, 
65.2,-5802.40120,7116.30712,1036.76903,3716.98621,6067.66116,2.64636,2.37294, 
65.3,-5802.40120,7121.98454,1036.76903,3711.29369,6067.64606,2.66146,2.38804, 
65.4,-5802.40120,7127.64260,1036.76903,3705.61902,6067.62945,2.67807,2.40465, 
65.5,-5802.40120,7133.28266,1036.76903,3699.96167,6067.61216,2.69536,2.42194, 
65.6,-5802.40120,7138.90480,1036.76903,3694.32157,6067.59420,2.71331,2.43990, 
65.7,-5802.40120,7144.50911,1036.76903,3688.69864,6067.57558,2.73193,2.45852, 
65.8,-5802.40120,7150.09693,1036.76903,3683.09237,6067.55713,2.75039,2.47697, 
65.9,-5802.40120,7155.66582,1036.76903,3677.50355,6067.53719,2.77032,2.49691, 
66.0,-5802.40120,7161.21712,1036.76903,3671.93166,6067.51661,2.79091,2.51749, 
66.1,-5802.40120,7166.75093,1036.76903,3666.37662,6067.49538,2.81213,2.53872, 
66.2,-5802.40120,7172.26731,1036.76903,3660.83838,6067.47352,2.83400,2.56058, 
66.3,-5802.40120,7177.76761,1036.76903,3655.31641,6067.45185,2.85566,2.58225, 
66.4,-5802.40120,7183.24940,1036.76903,3649.81150,6067.42873,2.87878,2.60537, 
66.5,-5802.40120,7188.71402,1036.76903,3644.32315,6067.40500,2.90252,2.62910, 
66.6,-5802.40120,7194.16154,1036.76903,3638.85127,6067.38065,2.92687,2.65345, 
66.7,-5802.40120,7199.59205,1036.76903,3633.39581,6067.35569,2.95182,2.67841, 
66.8,-5802.40120,7205.00687,1036.76903,3627.95626,6067.33096,2.97656,2.70314, 
66.9,-5802.40120,7210.40359,1036.76903,3622.53339,6067.30481,3.00271,2.72929, 
67.0,-5802.40120,7215.78353,1036.76903,3617.12671,6067.27807,3.02945,2.75603, 
67.1,-5802.40120,7221.14678,1036.76903,3611.73614,6067.25075,3.05676,2.78335, 
67.2,-5802.40120,7226.49342,1036.76903,3606.36161,6067.22286,3.08466,2.81124, 
67.3,-5802.40120,7231.82474,1036.76903,3601.00265,6067.19521,3.11230,2.83889, 
67.4,-5802.40120,7237.13837,1036.76903,3595.66000,6067.16619,3.14132,2.86791, 
67.5,-5802.40120,7242.43561,1036.76903,3590.33317,6067.13662,3.17090,2.89748, 
67.6,-5802.40120,7247.71655,1036.76903,3585.02211,6067.10649,3.20102,2.92761, 
67.7,-5802.40120,7252.98126,1036.76903,3579.72674,6067.07582,3.23169,2.95828, 
67.8,-5802.40120,7258.23103,1036.76903,3574.44658,6067.04544,3.26208,2.98866, 
67.9,-5802.40120,7263.46350,1036.76903,3569.18238,6067.01371,3.29380,3.02039, 
68.0,-5802.40120,7268.67997,1036.76903,3563.93367,6066.98146,3.32605,3.05264, 
68.1,-5802.40120,7273.88051,1036.76903,3558.70036,6066.94870,3.35881,3.08540, 
68.2,-5802.40120,7279.06520,1036.76903,3553.48241,6066.91543,3.39208,3.11867, 
68.3,-5802.40120,7284.23531,1036.76903,3548.27933,6066.88247,3.42504,3.15163, 
68.4,-5802.40120,7289.38851,1036.76903,3543.09187,6066.84821,3.45930,3.18589, 
68.5,-5802.40120,7294.52609,1036.76903,3537.91955,6066.81347,3.49405,3.22063, 
68.6,-5802.40120,7299.64810,1036.76903,3532.76231,6066.77824,3.52927,3.25586, 
68.7,-5802.40120,7304.75463,1036.76903,3527.62009,6066.74254,3.56497,3.29156, 
68.8,-5802.40120,7309.84694,1036.76903,3522.49242,6066.70719,3.60032,3.32691, 
68.9,-5802.40120,7314.92272,1036.76903,3517.38003,6066.67057,3.63694,3.36353, 
69.0,-5802.40120,7319.98322,1036.76903,3512.28245,6066.63350,3.67401,3.40060, 
69.1,-5802.40120,7325.02853,1036.76903,3507.19963,6066.59599,3.71152,3.43811, 
69.2,-5802.40120,7330.05871,1036.76903,3502.13150,6066.55804,3.74947,3.47606, 
69.3,-5802.40120,7335.07503,1036.76903,3497.07761,6066.52047,3.78704,3.51363, 
69.4,-5802.40120,7340.07517,1036.76903,3492.03867,6066.48167,3.82584,3.55243, 
69.5,-5802.40120,7345.06039,1036.76903,3487.01423,6066.44246,3.86506,3.59164, 
69.6,-5802.40120,7350.03077,1036.76903,3482.00423,6066.40283,3.90468,3.63127, 
69.7,-5802.40120,7354.98637,1036.76903,3477.00861,6066.36281,3.94471,3.67129, 
69.8,-5802.40120,7359.92845,1036.76903,3472.02692,6066.32319,3.98432,3.71091, 
69.9,-5802.40120,7364.85470,1036.76903,3467.05986,6066.28238,4.02513,3.75172, 
70.0,-5802.40120,7369.76638,1036.76903,3462.10699,6066.24120,4.06632,3.79290, 
70.1,-5802.40120,7374.66355,1036.76903,3457.16825,6066.19963,4.10788,3.83447, 
70.2,-5802.40120,7379.54629,1036.76903,3452.24359,6066.15770,4.14981,3.87640, 
70.3,-5802.40120,7384.41583,1036.76903,3447.33256,6066.11621,4.19130,3.91789, 
70.4,-5802.40120,7389.26989,1036.76903,3442.43585,6066.07357,4.23395,3.96053, 
70.5,-5802.40120,7394.10971,1036.76903,3437.55304,6066.03057,4.27694,4.00353, 
70.6,-5802.40120,7398.93535,1036.76903,3432.68406,6065.98724,4.32027,4.04686, 
70.7,-5802.40120,7403.74689,1036.76903,3427.82885,6065.94357,4.36394,4.09053, 
70.8,-5802.40120,7408.54555,1036.76903,3422.98699,6065.90037,4.40715,4.13373, 
70.9,-5802.40120,7413.32906,1036.76903,3418.15916,6065.85604,4.45147,4.17806, 
71.0,-5802.40120,7418.09865,1036.76903,3413.34492,6065.81140,4.49611,4.22270, 
71.1,-5802.40120,7422.85440,1036.76903,3408.54423,6065.76645,4.54106,4.26765, 
71.2,-5802.40120,7427.59635,1036.76903,3403.75702,6065.72120,4.58632,4.31290, 
71.3,-5802.40120,7432.32573,1036.76903,3398.98287,6065.67643,4.63108,4.35767, 
71.4,-5802.40120,7437.04028,1036.76903,3394.22247,6065.63058,4.67694,4.40352, 
71.5,-5802.40120,7441.74123,1036.76903,3389.47537,6065.58444,4.72308,4.44966, 
71.6,-5802.40120,7446.42864,1036.76903,3384.74154,6065.53801,4.76950,4.49609, 
71.7,-5802.40120,7451.10257,1036.76903,3380.02092,6065.49131,4.81620,4.54279, 
71.8,-5802.40120,7455.76421,1036.76903,3375.31308,6065.44512,4.86239,4.58898, 
71.9,-5802.40120,7460.41135,1036.76903,3370.61869,6065.39787,4.90964,4.63623, 
72.0,-5802.40120,7465.04518,1036.76903,3365.93735,6065.35036,4.95715,4.68374, 
72.1,-5802.40120,7469.66577,1036.76903,3361.26899,6065.30259,5.00492,4.73151, 
72.2,-5802.40120,7474.27317,1036.76903,3356.61357,6065.25456,5.05295,4.77954, 
72.3,-5802.40120,7478.86857,1036.76903,3351.97066,6065.20707,5.10045,4.82703, 
72.4,-5802.40120,7483.44977,1036.76903,3347.34094,6065.15854,5.14897,4.87556, 
72.5,-5802.40120,7488.01795,1036.76903,3342.72399,6065.10977,5.19775,4.92433, 
72.6,-5802.40120,7492.57317,1036.76903,3338.11976,6065.06076,5.24676,4.97334, 
72.7,-5802.40120,7497.11549,1036.76903,3333.52819,6065.01151,5.29601,5.02259, 
72.8,-5802.40120,7501.64609,1036.76903,3328.94889,6064.96281,5.34471,5.07129, 
72.9,-5802.40120,7506.16277,1036.76903,3324.38250,6064.91309,5.39442,5.12101, 
73.0,-5802.40120,7510.66670,1036.76903,3319.82862,6064.86315,5.44436,5.17095, 
73.1,-5802.40120,7515.15796,1036.76903,3315.28720,6064.81299,5.49453,5.22111, 
73.2,-5802.40120,7519.63658,1036.76903,3310.75819,6064.76260,5.54492,5.27150, 
73.3,-5802.40120,7524.10375,1036.76903,3306.24119,6064.71276,5.59475,5.32134, 
73.4,-5802.40120,7528.55726,1036.76903,3301.73684,6064.66193,5.64558,5.37217, 
73.5,-5802.40120,7532.99831,1036.76903,3297.24475,6064.61089,5.69663,5.42321, 
73.6,-5802.40120,7537.42693,1036.76903,3292.76487,6064.55962,5.74789,5.47448, 
73.7,-5802.40120,7541.84318,1036.76903,3288.29714,6064.50815,5.79937,5.52595, 
73.8,-5802.40120,7546.24822,1036.76903,3283.84118,6064.45723,5.85028,5.57687, 
73.9,-5802.40120,7550.63988,1036.76903,3279.39762,6064.40533,5.90218,5.62877, 
74.0,-5802.40120,7555.01932,1036.76903,3274.96607,6064.35322,5.95430,5.68088, 
74.1,-5802.40120,7559.38658,1036.76903,3270.54648,6064.30089,6.00662,5.73321, 
74.2,-5802.40120,7563.74172,1036.76903,3266.13880,6064.24835,6.05916,5.78575, 
74.3,-5802.40120,7568.08589,1036.76903,3261.74266,6064.19638,6.11114,5.83772, 
74.4,-5802.40120,7572.41693,1036.76903,3257.35866,6064.14342,6.16410,5.89068, 
74.5,-5802.40120,7576.73598,1036.76903,3252.98643,6064.09024,6.21727,5.94386, 
74.6,-5802.40120,7581.04310,1036.76903,3248.62593,6064.03686,6.27066,5.99724, 
74.7,-5802.40120,7585.33833,1036.76903,3244.27710,6063.98326,6.32426,6.05084, 
74.8,-5802.40120,7589.62282,1036.76903,3239.93956,6063.93021,6.37730,6.10389, 
74.9,-5802.40120,7593.89441,1036.76903,3235.61394,6063.87618,6.43134,6.15792, 
75.0,-5802.40120,7598.15424,1036.76903,3231.29986,6063.82193,6.48559,6.21217, 
75.1,-5802.40120,7602.40236,1036.76903,3226.99726,6063.76745,6.54006,6.26665, 
75.2,-5802.40120,7606.63882,1036.76903,3222.70611,6063.71275,6.59476,6.32135, 
75.3,-5802.40120,7610.86474,1036.76903,3218.42602,6063.65860,6.64892,6.37550, 
75.4,-5802.40120,7615.07799,1036.76903,3214.15762,6063.60344,6.70407,6.43066, 
75.5,-5802.40120,7619.27970,1036.76903,3209.90052,6063.54805,6.75946,6.48605, 
75.6,-5802.40120,7623.46992,1036.76903,3205.65469,6063.49243,6.81509,6.54167, 
75.7,-5802.40120,7627.64867,1036.76903,3201.42007,6063.43657,6.87095,6.59753, 
75.8,-5802.40120,7631.81709,1036.76903,3197.19630,6063.38122,6.92629,6.65288, 
75.9,-5802.40120,7635.97305,1036.76903,3192.98398,6063.32487,6.98265,6.70923, 
76.0,-5802.40120,7640.11767,1036.76903,3188.78275,6063.26826,7.03926,6.76584, 
76.1,-5802.40120,7644.25100,1036.76903,3184.59256,6063.21139,7.09613,6.82271, 
76.2,-5802.40120,7648.37306,1036.76903,3180.41337,6063.15426,7.15326,6.87984, 
76.3,-5802.40120,7652.48498,1036.76903,3176.24482,6063.09762,7.20989,6.93648, 
76.4,-5802.40120,7656.58463,1036.76903,3172.08749,6063.03995,7.26757,6.99415, 
76.5,-5802.40120,7660.67313,1036.76903,3167.94104,6062.98200,7.32552,7.05210, 
76.6,-5802.40120,7664.75052,1036.76903,3163.80541,6062.92376,7.38376,7.11034, 
76.7,-5802.40120,7668.81684,1036.76903,3159.68056,6062.86523,7.44229,7.16887, 
76.8,-5802.40120,7672.87318,1036.76903,3155.56614,6062.80715,7.50036,7.22695, 
76.9,-5802.40120,7676.91745,1036.76903,3151.46274,6062.74802,7.55950,7.28608, 
77.0,-5802.40120,7680.95075,1036.76903,3147.36999,6062.68857,7.61895,7.34553, 
77.1,-5802.40120,7684.97310,1036.76903,3143.28786,6062.62879,7.67872,7.40531, 
77.2,-5802.40120,7688.98456,1036.76903,3139.21631,6062.56869,7.73882,7.46541, 
77.3,-5802.40120,7692.98620,1036.76903,3135.15498,6062.50901,7.79851,7.52509, 
77.4,-5802.40120,7696.97594,1036.76903,3131.10445,6062.44822,7.85929,7.58588, 
77.5,-5802.40120,7700.95488,1036.76903,3127.06438,6062.38709,7.92043,7.64701, 
77.6,-5802.40120,7704.92304,1036.76903,3123.03472,6062.32558,7.98193,7.70852, 
77.7,-5802.40120,7708.88045,1036.76903,3119.01543,6062.26371,8.04381,7.77039, 
77.8,-5802.40120,7712.82821,1036.76903,3115.00617,6062.20220,8.10531,7.83190, 
77.9,-5802.40120,7716.76422,1036.76903,3111.00750,6062.13956,8.16796,7.89454, 
78.0,-5802.40120,7720.68958,1036.76903,3107.01909,6062.07651,8.23101,7.95759, 
78.1,-5802.40120,7724.60432,1036.76903,3103.04090,6062.01305,8.29447,8.02105, 
78.2,-5802.40120,7728.50846,1036.76903,3099.07287,6061.94916,8.35835,8.08494, 
78.3,-5802.40120,7732.40308,1036.76903,3095.11469,6061.88559,8.42192,8.14851, 
78.4,-5802.40120,7736.28611,1036.76903,3091.16690,6061.82083,8.48668,8.21327, 
78.5,-5802.40120,7740.15863,1036.76903,3087.22916,6061.75562,8.55190,8.27848, 
78.6,-5802.40120,7744.02066,1036.76903,3083.30145,6061.68993,8.61758,8.34417, 
78.7,-5802.40120,7747.87223,1036.76903,3079.38372,6061.62377,8.68374,8.41033, 
78.8,-5802.40120,7751.71441,1036.76903,3075.47563,6061.55787,8.74965,8.47623, 
78.9,-5802.40120,7755.54513,1036.76903,3071.57775,6061.49071,8.81680,8.54339, 
79.0,-5802.40120,7759.36548,1036.76903,3067.68974,6061.42305,8.88447,8.61105, 
79.1,-5802.40120,7763.17547,1036.76903,3063.81155,6061.35485,8.95267,8.67925, 
79.2,-5802.40120,7766.97512,1036.76903,3059.94316,6061.28611,9.02140,8.74799, 
79.3,-5802.40120,7770.76550,1036.76903,3056.08424,6061.21756,9.08995,8.81654, 
79.4,-5802.40120,7774.54455,1036.76903,3052.23532,6061.14771,9.15981,8.88639, 
79.5,-5802.40120,7778.31335,1036.76903,3048.39609,6061.07727,9.23025,8.95683, 
79.6,-5802.40120,7782.07190,1036.76903,3044.56651,6061.00623,9.30128,9.02787, 
79.7,-5802.40120,7785.82023,1036.76903,3040.74653,6060.93459,9.37292,9.09951, 
79.8,-5802.40120,7789.55940,1036.76903,3036.93584,6060.86307,9.44445,9.17103, 
79.9,-5802.40120,7793.28736,1036.76903,3033.13498,6060.79017,9.51735,9.24393, 
80.0,-5802.40120,7797.00517,1036.76903,3029.34362,6060.71661,9.59090,9.31749, 
80.1,-5802.40120,7800.71284,1036.76903,3025.56172,6060.64239,9.66512,9.39171, 
80.2,-5802.40120,7804.41041,1036.76903,3021.78926,6060.56749,9.74002,9.46661, 
80.3,-5802.40120,7808.09890,1036.76903,3018.02590,6060.49263,9.81488,9.54147, 
80.4,-5802.40120,7811.77629,1036.76903,3014.27220,6060.41632,9.89119,9.61778, 
80.5,-5802.40120,7815.44364,1036.76903,3010.52782,6060.33928,9.96823,9.69482, 
80.6,-5802.40120,7819.10094,1036.76903,3006.79273,6060.26150,10.04601,9.77260, 
80.7,-5802.40120,7822.74823,1036.76903,3003.06690,6060.18296,10.12456,9.85114, 
80.8,-5802.40120,7826.38654,1036.76903,2999.35000,6060.10437,10.20314,9.92973, 
80.9,-5802.40120,7830.01386,1036.76903,2995.64258,6060.02426,10.28325,10.00984, 
81.0,-5802.40120,7833.63120,1036.76903,2991.94431,6059.94335,10.36417,10.09075, 
81.1,-5802.40120,7837.23861,1036.76903,2988.25516,6059.86160,10.44591,10.17250, 
81.2,-5802.40120,7840.83608,1036.76903,2984.57510,6059.77902,10.52850,10.25508, 
81.3,-5802.40120,7844.42466,1036.76903,2980.90382,6059.69630,10.61121,10.33780, 
81.4,-5802.40120,7848.00232,1036.76903,2977.24183,6059.61198,10.69553,10.42212, 
81.5,-5802.40120,7851.57011,1036.76903,2973.58883,6059.52677,10.78075,10.50733, 
81.6,-5802.40120,7855.12804,1036.76903,2969.94478,6059.44064,10.86687,10.59346, 
81.7,-5802.40120,7858.67611,1036.76903,2966.30965,6059.35359,10.95393,10.68051, 
81.8,-5802.40120,7862.21535,1036.76903,2962.68313,6059.26632,11.04120,10.76778, 
81.9,-5802.40120,7865.74377,1036.76903,2959.06575,6059.17735,11.13016,10.85675, 
82.0,-5802.40120,7869.26239,1036.76903,2955.45719,6059.08741,11.22011,10.94669, 
82.1,-5802.40120,7872.77122,1036.76903,2951.85742,6058.99646,11.31105,11.03764, 
82.2,-5802.40120,7876.27027,1036.76903,2948.26640,6058.90450,11.40301,11.12960, 
82.3,-5802.40120,7879.76055,1036.76903,2944.68384,6058.81222,11.49529,11.22188, 
82.4,-5802.40120,7883.24009,1036.76903,2941.11025,6058.71817,11.58934,11.31593, 
82.5,-5802.40120,7886.70989,1036.76903,2937.54532,6058.62304,11.68447,11.41106, 
82.6,-5802.40120,7890.16997,1036.76903,2933.98903,6058.52683,11.78069,11.50727, 
82.7,-5802.40120,7893.62034,1036.76903,2930.44133,6058.42950,11.87802,11.60460, 
82.8,-5802.40120,7897.06200,1036.76903,2926.90194,6058.33176,11.97575,11.70234, 
82.9,-5802.40120,7900.49298,1036.76903,2923.37135,6058.23216,12.07536,11.80194, 
83.0,-5802.40120,7903.91429,1036.76903,2919.84927,6058.13139,12.17613,11.90271, 
83.1,-5802.40120,7907.32593,1036.76903,2916.33566,6058.02943,12.27809,12.00467, 
83.2,-5802.40120,7910.72793,1036.76903,2912.83051,6057.92627,12.38125,12.10783, 
83.3,-5802.40120,7914.12127,1036.76903,2909.33350,6057.82260,12.48492,12.21150, 
83.4,-5802.40120,7917.50400,1036.76903,2905.84514,6057.71697,12.59055,12.31713, 
83.5,-5802.40120,7920.87711,1036.76903,2902.36514,6057.61008,12.69744,12.42402, 
83.6,-5802.40120,7924.24061,1036.76903,2898.89347,6057.50190,12.80561,12.53220, 
83.7,-5802.40120,7927.59452,1036.76903,2895.43009,6057.39243,12.91508,12.64167, 
83.8,-5802.40120,7930.93982,1036.76903,2891.97471,6057.28235,13.02516,12.75175, 
83.9,-5802.40120,7934.27456,1036.76903,2888.52783,6057.17022,13.13730,12.86388, 
84.0,-5802.40120,7937.59974,1036.76903,2885.08916,6057.05673,13.25079,12.97737, 
84.1,-5802.40120,7940.91536,1036.76903,2881.65866,6056.94185,13.36566,13.09225, 
84.2,-5802.40120,7944.22144,1036.76903,2878.23632,6056.82559,13.48193,13.20851, 
84.3,-5802.40120,7947.51895,1036.76903,2874.82183,6056.70861,13.59890,13.32549, 
84.4,-5802.40120,7950.80596,1036.76903,2871.41570,6056.58949,13.71803,13.44461, 
84.5,-5802.40120,7954.08345,1036.76903,2868.01762,6056.46891,13.83861,13.56519, 
84.6,-5802.40120,7957.35144,1036.76903,2864.62758,6056.34685,13.96066,13.68725, 
84.7,-5802.40120,7960.60992,1036.76903,2861.24555,6056.22330,14.08422,13.81080, 
84.8,-5802.40120,7963.85988,1036.76903,2857.87123,6056.09894,14.20858,13.93516, 
84.9,-5802.40120,7967.09939,1036.76903,2854.50512,6055.97234,14.33518,14.06176, 
85.0,-5802.40120,7970.32942,1036.76903,2851.14693,6055.84418,14.46333,14.18992, 
85.1,-5802.40120,7973.54999,1036.76903,2847.79664,6055.71445,14.59306,14.31965, 
85.2,-5802.40120,7976.76110,1036.76903,2844.45420,6055.58313,14.72438,14.45097, 
85.3,-5802.40120,7979.96372,1036.76903,2841.11935,6055.45090,14.85661,14.58320, 
85.4,-5802.40120,7983.15594,1036.76903,2837.79256,6055.31634,14.99118,14.71776, 
85.5,-5802.40120,7986.33873,1036.76903,2834.47356,6055.18012,15.12740,14.85398, 
85.6,-5802.40120,7989.51209,1036.76903,2831.16231,6055.04223,15.26528,14.99187, 
85.7,-5802.40120,7992.67604,1036.76903,2827.85879,6054.90265,15.40486,15.13145, 
85.8,-5802.40120,7995.83153,1036.76903,2824.56271,6054.76207,15.54545,15.27203, 
85.9,-5802.40120,7998.97666,1036.76903,2821.27456,6054.61905,15.68846,15.41505, 
86.0,-5802.40120,8002.11240,1036.76903,2817.99406,6054.47429,15.83323,15.55981, 
86.1,-5802.40120,8005.23875,1036.76903,2814.72118,6054.32776,15.97975,15.70634, 
86.2,-5802.40120,8008.35573,1036.76903,2811.45589,6054.17945,16.12807,15.85465, 
86.3,-5802.40120,8011.46427,1036.76903,2808.19792,6054.03003,16.27749,16.00407, 
86.4,-5802.40120,8014.56251,1036.76903,2804.94774,6053.87808,16.42943,16.15602, 
86.5,-5802.40120,8017.65139,1036.76903,2801.70508,6053.72430,16.58321,16.30980, 
86.6,-5802.40120,8020.73093,1036.76903,2798.46990,6053.56866,16.73886,16.46544, 
86.7,-5802.40120,8023.80112,1036.76903,2795.24219,6053.41114,16.89638,16.62296, 
86.8,-5802.40120,8026.86291,1036.76903,2792.02167,6053.25241,17.05511,16.78169, 
86.9,-5802.40120,8029.91444,1036.76903,2788.80880,6053.09107,17.21644,16.94303, 
87.0,-5802.40120,8032.95665,1036.76903,2785.60333,6052.92780,17.37971,17.10630, 
87.1,-5802.40120,8035.98954,1036.76903,2782.40521,6052.76258,17.54494,17.27152, 
87.2,-5802.40120,8039.01313,1036.76903,2779.21442,6052.59538,17.71213,17.43872, 
87.3,-5802.40120,8042.02835,1036.76903,2776.03071,6052.42689,17.88062,17.60721, 
87.4,-5802.40120,8045.03335,1036.76903,2772.85452,6052.25570,18.05181,17.77840, 
87.5,-5802.40120,8048.02907,1036.76903,2769.68559,6052.08249,18.22503,17.95161, 
87.6,-5802.40120,8051.01551,1036.76903,2766.52390,6051.90723,18.40028,18.12687, 
87.7,-5802.40120,8053.99267,1036.76903,2763.36942,6051.72992,18.57760,18.30418, 
87.8,-5802.40120,8056.96151,1036.76903,2760.22188,6051.55121,18.75630,18.48289, 
87.9,-5802.40120,8059.92016,1036.76903,2757.08174,6051.36973,18.93779,18.66437, 
88.0,-5802.40120,8062.86956,1036.76903,2753.94874,6051.18613,19.12139,18.84797, 
88.1,-5802.40120,8065.80972,1036.76903,2750.82285,6051.00040,19.30711,19.03370, 
88.2,-5802.40120,8068.74065,1036.76903,2747.70406,6050.81253,19.49498,19.22157, 
88.3,-5802.40120,8071.66327,1036.76903,2744.59208,6050.62318,19.68433,19.41092, 
88.4,-5802.40120,8074.57575,1036.76903,2741.48739,6050.43097,19.87655,19.60313, 
88.5,-5802.40120,8077.47902,1036.76903,2738.38971,6050.23656,20.07095,19.79754, 
88.6,-5802.40120,8080.37309,1036.76903,2735.29902,6050.03994,20.26757,19.99416, 
88.7,-5802.40120,8083.25796,1036.76903,2732.21531,6049.84110,20.46642,20.19300, 
88.8,-5802.40120,8086.13456,1036.76903,2729.13830,6049.64069,20.66682,20.39341, 
88.9,-5802.40120,8089.00106,1036.76903,2726.06845,6049.43734,20.87017,20.59676, 
89.0,-5802.40120,8091.85839,1036.76903,2723.00550,6049.23172,21.07579,20.80238, 
89.1,-5802.40120,8094.70656,1036.76903,2719.94942,6049.02381,21.28371,21.01029, 
89.2,-5802.40120,8097.54556,1036.76903,2716.90020,6048.81359,21.49393,21.22051, 
89.3,-5802.40120,8100.37633,1036.76903,2713.85757,6048.60173,21.70579,21.43237, 
89.4,-5802.40120,8103.19704,1036.76903,2710.82198,6048.38685,21.92066,21.64725, 
89.5,-5802.40120,8106.00862,1036.76903,2707.79318,6048.16963,22.13789,21.86447, 
89.6,-5802.40120,8108.81108,1036.76903,2704.77113,6047.95004,22.35748,22.08406, 
89.7,-5802.40120,8111.60441,1036.76903,2701.75583,6047.72807,22.57945,22.30603, 
89.8,-5802.40120,8114.38954,1036.76903,2698.74701,6047.50438,22.80314,22.52972, 
89.9,-5802.40120,8117.16467,1036.76903,2695.74511,6047.27761,23.02991,22.75649, 
90.0,-5802.40120,8119.93070,1036.76903,2692.74988,6047.04841,23.25910,22.98569, 
90.1,-5802.40120,8122.68766,1036.76903,2689.76130,6046.81679,23.49073,23.21731, 
90.2,-5802.40120,8125.43553,1036.76903,2686.77935,6046.58271,23.72480,23.45139, 
90.3,-5802.40120,8128.17524,1036.76903,2683.80378,6046.34684,23.96067,23.68726, 
90.4,-5802.40120,8130.90499,1036.76903,2680.83501,6046.10783,24.19969,23.92627, 
90.5,-5802.40120,8133.62569,1036.76903,2677.87281,6045.86633,24.44119,24.16777, 
90.6,-5802.40120,8136.33735,1036.76903,2674.91715,6045.62233,24.68519,24.41177, 
90.7,-5802.40120,8139.03998,1036.76903,2671.96800,6045.37581,24.93170,24.65829, 
90.8,-5802.40120,8141.73448,1036.76903,2669.02512,6045.12744,25.18008,24.90666, 
90.9,-5802.40120,8144.41908,1036.76903,2666.08895,6044.87586,25.43166,25.15824, 
91.0,-5802.40120,8147.09468,1036.76903,2663.15922,6044.62173,25.68578,25.41237, 
91.1,-5802.40120,8149.76128,1036.76903,2660.23593,6044.36504,25.94247,25.66906, 
91.2,-5802.40120,8152.41890,1036.76903,2657.31905,6044.10578,26.20173,25.92832, 
91.3,-5802.40120,8155.06843,1036.76903,2654.40834,6043.84460,26.46292,26.18950, 
91.4,-5802.40120,8157.70812,1036.76903,2651.50422,6043.58016,26.72735,26.45394, 
91.5,-5802.40120,8160.33885,1036.76903,2648.60644,6043.31312,26.99440,26.72098, 
91.6,-5802.40120,8162.96063,1036.76903,2645.71499,6043.04346,27.26406,26.99064, 
91.7,-5802.40120,8165.57349,1036.76903,2642.82985,6042.77117,27.53634,27.26293, 
91.8,-5802.40120,8168.17830,1036.76903,2639.95078,6042.49690,27.81061,27.53720, 
91.9,-5802.40120,8170.77332,1036.76903,2637.07819,6042.21934,28.08818,27.81476, 
92.0,-5802.40120,8173.35944,1036.76903,2634.21184,6041.93911,28.36840,28.09499, 
92.1,-5802.40120,8175.93667,1036.76903,2631.35172,6041.65622,28.65130,28.37788, 
92.2,-5802.40120,8178.50502,1036.76903,2628.49780,6041.37065,28.93686,28.66345, 
92.3,-5802.40120,8181.06538,1036.76903,2625.64985,6041.08306,29.22446,28.95104, 
92.4,-5802.40120,8183.61601,1036.76903,2622.80828,6040.79212,29.51540,29.24198, 
92.5,-5802.40120,8186.15779,1036.76903,2619.97286,6040.49847,29.80904,29.53563, 
92.6,-5802.40120,8188.69074,1036.76903,2617.14356,6040.20212,30.10539,29.83198, 
92.7,-5802.40120,8191.21486,1036.76903,2614.32036,6039.90305,30.40446,30.13105, 
92.8,-5802.40120,8193.73105,1036.76903,2611.50303,6039.60191,30.70561,30.43219, 
92.9,-5802.40120,8196.23756,1036.76903,2608.69198,6039.29738,31.01014,30.73672, 
93.0,-5802.40120,8198.73530,1036.76903,2605.88698,6038.99011,31.31741,31.04399, 
93.1,-5802.40120,8201.22426,1036.76903,2603.08801,6038.68009,31.62742,31.35401, 
93.2,-5802.40120,8203.70446,1036.76903,2600.29503,6038.36732,31.94019,31.66678, 
93.3,-5802.40120,8206.17677,1036.76903,2597.50784,6038.05244,32.25508,31.98166, 
93.4,-5802.40120,8208.63948,1036.76903,2594.72682,6037.73414,32.57338,32.29996, 
93.5,-5802.40120,8211.09348,1036.76903,2591.95176,6037.41306,32.89445,32.62104, 
93.6,-5802.40120,8213.53876,1036.76903,2589.18262,6037.08921,33.21831,32.94489, 
93.7,-5802.40120,8215.97535,1036.76903,2586.41939,6036.76257,33.54495,33.27153, 
93.8,-5802.40120,8218.40410,1036.76903,2583.66185,6036.43378,33.87373,33.60032, 
93.9,-5802.40120,8220.82334,1036.76903,2580.91039,6036.10155,34.20596,33.93255, 
94.0,-5802.40120,8223.23392,1036.76903,2578.16478,6035.76652,34.54099,34.26758, 
94.1,-5802.40120,8225.63585,1036.76903,2575.42501,6035.42869,34.87883,34.60541, 
94.2,-5802.40120,8228.02916,1036.76903,2572.69105,6035.08804,35.21947,34.94606, 
94.3,-5802.40120,8230.41470,1036.76903,2569.96269,6034.74522,35.56229,35.28888, 
94.4,-5802.40120,8232.79080,1036.76903,2567.24031,6034.39894,35.90858,35.63516, 
94.5,-5802.40120,8235.15831,1036.76903,2564.52370,6034.04983,36.25768,35.98427, 
94.6,-5802.40120,8237.51725,1036.76903,2561.81282,6033.69790,36.60961,36.33620, 
94.7,-5802.40120,8239.86764,1036.76903,2559.10768,6033.34314,36.96437,36.69096, 
94.8,-5802.40120,8242.21032,1036.76903,2556.40803,6032.98618,37.32133,37.04792, 
94.9,-5802.40120,8244.54364,1036.76903,2553.71428,6032.62575,37.68176,37.40835, 
95.0,-5802.40120,8246.86845,1036.76903,2551.02620,6032.26248,38.04503,37.77162, 
95.1,-5802.40120,8249.18476,1036.76903,2548.34378,6031.89637,38.41115,38.13773, 
95.2,-5802.40120,8251.49260,1036.76903,2545.66699,6031.52741,38.78010,38.50669, 
95.3,-5802.40120,8253.79281,1036.76903,2542.99561,6031.15624,39.15127,38.87786, 
95.4,-5802.40120,8256.08373,1036.76903,2540.33004,6030.78160,39.52592,39.25250, 
95.5,-5802.40120,8258.36622,1036.76903,2537.67005,6030.40410,39.90342,39.63000, 
95.6,-5802.40120,8260.64030,1036.76903,2535.01562,6030.02375,40.28377,40.01035, 
95.7,-5802.40120,8262.90598,1036.76903,2532.36674,6029.64055,40.66696,40.39355, 
95.8,-5802.40120,8265.16411,1036.76903,2529.72319,6029.25513,41.05239,40.77897, 
95.9,-5802.40120,8267.41304,1036.76903,2527.08535,6028.86622,41.44129,41.16788, 
96.0,-5802.40120,8269.65362,1036.76903,2524.45301,6028.47447,41.83305,41.55963, 
96.1,-5802.40120,8271.88587,1036.76903,2521.82615,6028.07985,42.22766,41.95425, 
96.2,-5802.40120,8274.10981,1036.76903,2519.20475,6027.68239,42.62512,42.35171, 
96.3,-5802.40120,8276.32628,1036.76903,2516.58859,6027.28270,43.02481,42.75140, 
96.4,-5802.40120,8278.53364,1036.76903,2513.97807,6026.87953,43.42798,43.15457, 
96.5,-5802.40120,8280.73274,1036.76903,2511.37295,6026.47351,43.83400,43.56059, 
96.6,-5802.40120,8282.92359,1036.76903,2508.77322,6026.06464,44.24287,43.96946, 
96.7,-5802.40120,8285.10622,1036.76903,2506.17887,6025.65292,44.65459,44.38118, 
96.8,-5802.40120,8287.28146,1036.76903,2503.58969,6025.23898,45.06854,44.79512, 
96.9,-5802.40120,8289.44769,1036.76903,2501.00604,6024.82157,45.48595,45.21253, 
97.0,-5802.40120,8291.60576,1036.76903,2498.42772,6024.40131,45.90621,45.63279, 
97.1,-5802.40120,8293.75566,1036.76903,2495.85472,6023.97821,46.32930,46.05589, 
97.2,-5802.40120,8295.89744,1036.76903,2493.28701,6023.55227,46.75524,46.48183, 
97.3,-5802.40120,8298.03191,1036.76903,2490.72438,6023.12412,47.18340,46.90998, 
97.4,-5802.40120,8300.15748,1036.76903,2488.16720,6022.69251,47.61501,47.34159, 
97.5,-5802.40120,8302.27497,1036.76903,2485.61527,6022.25807,48.04945,47.77603, 
97.6,-5802.40120,8304.38440,1036.76903,2483.06858,6021.82080,48.48671,48.21330, 
97.7,-5802.40120,8306.48579,1036.76903,2480.52709,6021.38071,48.92680,48.65339, 
97.8,-5802.40120,8308.57997,1036.76903,2477.99061,6020.93841,49.36910,49.09569, 
97.9,-5802.40120,8310.66535,1036.76903,2475.45950,6020.49268,49.81483,49.54142, 
98.0,-5802.40120,8312.74275,1036.76903,2472.93356,6020.04414,50.26337,49.98996, 
98.1,-5802.40120,8314.81219,1036.76903,2470.41277,6019.59279,50.71472,50.44131, 
98.2,-5802.40120,8316.87369,1036.76903,2467.89712,6019.13864,51.16888,50.89546, 
98.3,-5802.40120,8318.92808,1036.76903,2465.38639,6018.68230,51.62522,51.35180, 
98.4,-5802.40120,8320.97377,1036.76903,2462.88095,6018.22255,52.08496,51.81155, 
98.5,-5802.40120,8323.01158,1036.76903,2460.38060,6017.76002,52.54750,52.27408, 
98.6,-5802.40120,8325.04154,1036.76903,2457.88533,6017.29470,53.01282,52.73940, 
98.7,-5802.40120,8327.06367,1036.76903,2455.39510,6016.82660,53.48092,53.20750, 
98.8,-5802.40120,8329.07877,1036.76903,2452.90974,6016.35634,53.95118,53.67776, 
98.9,-5802.40120,8331.08529,1036.76903,2450.42958,6015.88270,54.42481,54.15140, 
99.0,-5802.40120,8333.08404,1036.76903,2447.95444,6015.40631,54.90121,54.62779, 
99.1,-5802.40120,8335.07504,1036.76903,2445.48429,6014.92716,55.38036,55.10694, 
99.2,-5802.40120,8337.05831,1036.76903,2443.01912,6014.44526,55.86225,55.58884, 
99.3,-5802.40120,8339.03467,1036.76903,2440.55873,6013.96123,56.34629,56.07287, 
99.4,-5802.40120,8341.00255,1036.76903,2438.10348,6013.47386,56.83366,56.56024, 
99.5,-5802.40120,8342.96277,1036.76903,2435.65316,6012.98376,57.32376,57.05034, 
99.6,-5802.40120,8344.91535,1036.76903,2433.20776,6012.49094,57.81657,57.54316, 
99.7,-5802.40120,8346.86032,1036.76903,2430.76727,6011.99542,58.31210,58.03868, 
99.8,-5802.40120,8348.79847,1036.76903,2428.33148,6011.49778,58.80973,58.53632, 
99.9,-5802.40120,8350.72827,1036.76903,2425.90076,6010.99686,59.31066,59.03724, 
100.0,-5802.40120,8352.65052,1036.76903,2423.47489,6010.49324,59.81427,59.54086, 
100.1,-5802.40120,8354.56524,1036.76903,2421.05388,6009.98695,60.32057,60.04715, 
100.2,-5802.40120,8356.47246,1036.76903,2418.63769,6009.47798,60.82954,60.55612, 
100.3,-5802.40120,8358.37298,1036.76903,2416.22614,6008.96695,61.34057,61.06715, 
100.4,-5802.40120,8360.26526,1036.76903,2413.81958,6008.45266,61.85485,61.58144, 
100.5,-5802.40120,8362.15010,1036.76903,2411.41780,6007.93574,62.37178,62.09836, 
100.6,-5802.40120,8364.02754,1036.76903,2409.02080,6007.41617,62.89134,62.61793, 
100.7,-5802.40120,8365.89759,1036.76903,2406.62857,6006.89398,63.41353,63.14012, 
100.8,-5802.40120,8367.76105,1036.76903,2404.24089,6006.36977,63.93774,63.66433, 
100.9,-5802.40120,8369.61639,1036.76903,2401.85813,6005.84236,64.46516,64.19174, 
101.0,-5802.40120,8371.46442,1036.76903,2399.48009,6005.31234,64.99517,64.72176, 
101.1,-5802.40120,8373.30516,1036.76903,2397.10676,6004.77974,65.52777,65.25436, 
101.2,-5802.40120,8375.13863,1036.76903,2394.73811,6004.24457,66.06295,65.78953, 
101.3,-5802.40120,8376.96563,1036.76903,2392.37396,6003.70741,66.60010,66.32669, 
101.4,-5802.40120,8378.78463,1036.76903,2390.01465,6003.16711,67.14040,66.86699, 
101.5,-5802.40120,8380.59644,1036.76903,2387.65999,6002.62427,67.68325,67.40983, 
101.6,-5802.40120,8382.40109,1036.76903,2385.30997,6002.07888,68.22863,67.95522, 
101.7,-5802.40120,8384.19858,1036.76903,2382.96457,6001.53098,68.77654,68.50312, 
101.8,-5802.40120,8385.98972,1036.76903,2380.62360,6000.98115,69.32637,69.05295, 
101.9,-5802.40120,8387.77300,1036.76903,2378.28740,6000.42822,69.87929,69.60588, 
102.0,-5802.40120,8389.54921,1036.76903,2375.95578,5999.87281,70.43470,70.16129, 
102.1,-5802.40120,8391.31837,1036.76903,2373.62873,5999.31492,70.99259,70.71918, 
102.2,-5802.40120,8393.08051,1036.76903,2371.30623,5998.75456,71.55295,71.27954, 
102.3,-5802.40120,8394.83641,1036.76903,2368.98809,5998.19233,72.11518,71.84177, 
102.4,-5802.40120,8396.58458,1036.76903,2366.67466,5997.62707,72.68044,72.40703, 
102.5,-5802.40120,8398.32581,1036.76903,2364.36575,5997.05938,73.24813,72.97472, 
102.6,-5802.40120,8400.06011,1036.76903,2362.06133,5996.48928,73.81824,73.54482, 
102.7,-5802.40120,8401.78752,1036.76903,2359.76141,5995.91676,74.39075,74.11734, 
102.8,-5802.40120,8403.50882,1036.76903,2357.46578,5995.34243,74.96508,74.69167, 
102.9,-5802.40120,8405.22252,1036.76903,2355.17479,5994.76514,75.54238,75.26896, 
103.0,-5802.40120,8406.92940,1036.76903,2352.88825,5994.18548,76.12204,75.84862, 
103.1,-5802.40120,8408.62949,1036.76903,2350.60614,5993.60346,76.70406,76.43064, 
103.2,-5802.40120,8410.32282,1036.76903,2348.32845,5993.01910,77.28842,77.01500, 
103.3,-5802.40120,8412.01015,1036.76903,2346.05501,5992.43298,77.87453,77.60112, 
103.4,-5802.40120,8413.69002,1036.76903,2343.78613,5991.84398,78.46354,78.19012, 
103.5,-5802.40120,8415.36320,1036.76903,2341.52164,5991.25266,79.05485,78.78144, 
103.6,-5802.40120,8417.02972,1036.76903,2339.26151,5990.65906,79.64845,79.37504, 
103.7,-5802.40120,8418.68961,1036.76903,2337.00575,5990.06319,80.24433,79.97091, 
103.8,-5802.40120,8420.34363,1036.76903,2334.75416,5989.46562,80.84189,80.56848, 
103.9,-5802.40120,8421.99032,1036.76903,2332.50708,5988.86523,81.44228,81.16887, 
104.0,-5802.40120,8423.63046,1036.76903,2330.26432,5988.26261,82.04491,81.77149, 
104.1,-5802.40120,8425.26407,1036.76903,2328.02587,5987.65776,82.64975,82.37634, 
104.2,-5802.40120,8426.89117,1036.76903,2325.79171,5987.05071,83.25680,82.98339, 
104.3,-5802.40120,8428.51254,1036.76903,2323.56167,5986.44204,83.86548,83.59206, 
104.4,-5802.40120,8430.12672,1036.76903,2321.33607,5985.83062,84.47690,84.20348, 
104.5,-5802.40120,8431.73447,1036.76903,2319.11473,5985.21703,85.09048,84.81707, 
104.6,-5802.40120,8433.33583,1036.76903,2316.89764,5984.60130,85.70622,85.43280, 
104.7,-5802.40120,8434.93082,1036.76903,2314.68478,5983.98343,86.32408,86.05067, 
104.8,-5802.40120,8436.52021,1036.76903,2312.47598,5983.36401,86.94350,86.67009, 
104.9,-5802.40120,8438.10254,1036.76903,2310.27155,5982.74192,87.56559,87.29218, 
105.0,-5802.40120,8439.67858,1036.76903,2308.07133,5982.11774,88.18978,87.91636, 
105.1,-5802.40120,8441.24837,1036.76903,2305.87529,5981.49148,88.81603,88.54262, 
105.2,-5802.40120,8442.81191,1036.76903,2303.68343,5980.86317,89.44435,89.17093, 
105.3,-5802.40120,8444.36998,1036.76903,2301.49556,5980.23337,90.07414,89.80073, 
105.4,-5802.40120,8445.92114,1036.76903,2299.31201,5979.60098,90.70653,90.43312, 
105.5,-5802.40120,8447.46615,1036.76903,2297.13260,5978.96658,91.34093,91.06752, 
105.6,-5802.40120,8449.00503,1036.76903,2294.95732,5978.33018,91.97733,91.70392, 
105.7,-5802.40120,8450.53782,1036.76903,2292.78615,5977.69180,92.61572,92.34230, 
105.8,-5802.40120,8452.06526,1036.76903,2290.61893,5977.05201,93.25551,92.98209, 
105.9,-5802.40120,8453.58592,1036.76903,2288.45596,5976.40971,93.89781,93.62439, 
106.0,-5802.40120,8455.10057,1036.76903,2286.29707,5975.76547,94.54204,94.26863, 
106.1,-5802.40120,8456.60924,1036.76903,2284.14225,5975.11932,95.18820,94.91478, 
106.2,-5802.40120,8458.11194,1036.76903,2281.99149,5974.47126,95.83626,95.56284, 
106.3,-5802.40120,8459.60943,1036.76903,2279.84461,5973.82187,96.48565,96.21223, 
106.4,-5802.40120,8461.10028,1036.76903,2277.70193,5973.17005,97.13747,96.86405, 
106.5,-5802.40120,8462.58526,1036.76903,2275.56328,5972.51637,97.79114,97.51773, 
106.6,-5802.40120,8464.06439,1036.76903,2273.42864,5971.86086,98.44666,98.17324, 
106.7,-5802.40120,8465.53770,1036.76903,2271.29800,5971.20352,99.10399,98.83058, 
106.8,-5802.40120,8467.00592,1036.76903,2269.17118,5970.54493,99.76258,99.48917, 
106.9,-5802.40120,8468.46766,1036.76903,2267.04851,5969.88400,100.42352,100.15010, 
107.0,-5802.40120,8469.92365,1036.76903,2264.92981,5969.22129,101.08622,100.81281, 
107.1,-5802.40120,8471.37394,1036.76903,2262.81506,5968.55682,101.75069,101.47728, 
107.2,-5802.40120,8472.81853,1036.76903,2260.70426,5967.89062,102.41690,102.14348, 
107.3,-5802.40120,8474.25818,1036.76903,2258.59723,5967.22324,103.08428,102.81086, 
107.4,-5802.40120,8475.69148,1036.76903,2256.49428,5966.55360,103.75392,103.48050, 
107.5,-5802.40120,8477.11919,1036.76903,2254.39525,5965.88226,104.42525,104.15184, 
107.6,-5802.40120,8478.54131,1036.76903,2252.30012,5965.20926,105.09826,104.82484, 
107.7,-5802.40120,8479.95789,1036.76903,2250.20888,5964.53459,105.77292,105.49951, 
107.8,-5802.40120,8481.36965,1036.76903,2248.12136,5963.85884,106.44868,106.17526, 
107.9,-5802.40120,8482.77521,1036.76903,2246.03787,5963.18091,107.12661,106.85319, 
108.0,-5802.40120,8484.17531,1036.76903,2243.95823,5962.50137,107.80615,107.53273, 
108.1,-5802.40120,8485.56996,1036.76903,2241.88245,5961.82024,108.48727,108.21386, 
108.2,-5802.40120,8486.95921,1036.76903,2239.81050,5961.13754,109.16997,108.89656, 
108.3,-5802.40120,8488.34378,1036.76903,2237.74222,5960.45383,109.85369,109.58027, 
108.4,-5802.40120,8489.72229,1036.76903,2235.67791,5959.76803,110.53949,110.26607, 
108.5,-5802.40120,8491.09547,1036.76903,2233.61741,5959.08071,111.22681,110.95339, 
108.6,-5802.40120,8492.46335,1036.76903,2231.56071,5958.39188,111.91563,111.64222, 
108.7,-5802.40120,8493.82595,1036.76903,2229.50778,5957.70157,112.60595,112.33253, 
108.8,-5802.40120,8495.18401,1036.76903,2227.45848,5957.01032,113.29719,113.02378, 
108.9,-5802.40120,8496.53616,1036.76903,2225.41309,5956.31708,113.99043,113.71702, 
109.0,-5802.40120,8497.88311,1036.76903,2223.37146,5955.62240,114.68511,114.41170, 
109.1,-5802.40120,8499.22490,1036.76903,2221.33357,5954.92630,115.38121,115.10780, 
109.2,-5802.40120,8500.56156,1036.76903,2219.29941,5954.22880,116.07871,115.80530, 
109.3,-5802.40120,8501.89380,1036.76903,2217.26882,5953.53046,116.77706,116.50364, 
109.4,-5802.40120,8503.22027,1036.76903,2215.24210,5952.83020,117.47732,117.20390, 
109.5,-5802.40120,8504.54168,1036.76903,2213.21908,5952.12859,118.17892,117.90551, 
109.6,-5802.40120,8505.85807,1036.76903,2211.19975,5951.42565,118.88186,118.60845, 
109.7,-5802.40120,8507.16946,1036.76903,2209.18410,5950.72139,119.58612,119.31271, 
109.8,-5802.40120,8508.47657,1036.76903,2207.17197,5950.01637,120.29114,120.01773, 
109.9,-5802.40120,8509.77805,1036.76903,2205.16366,5949.30953,120.99798,120.72457, 
110.0,-5802.40120,8511.07460,1036.76903,2203.15899,5948.60143,121.70609,121.43267, 
110.1,-5802.40120,8512.36627,1036.76903,2201.15797,5947.89207,122.41544,122.14203, 
